gadm,poll_unit,atlas,old_mapit,pombola,MapIt State Name,MapIt Name,MapIt ID,EP area ID,EP area name
,,IJEBU ODE/ODOGBOLU/ IJEBU NORTH EAST,Ijebu Central,Ijebu Ode/Odogbolu/Ijebu North East,Ogun,IJEBU ODE/ODOGBOLU/ IJEBU NORTH EAST,966,"area/ijebu_ode/odogbolu/ijebu_north_east,_ogun_state","Ijebu Ode/Odogbolu/Ijebu North East, Ogun State"
,,Ikot Ekpene/ Essien Udim/ Obot Akara,Ikot Ekpene,Ikot Ekpene/Essien Udim/Obot Akara,Akwa Ibom,Ikot Ekpene/ Essien Udim/ Obot Akara,1076,"area/ikot_ekpene/_essien_udim/_obot_akara,_akwa_ibom_state","Ikot Ekpene/ Essien Udim/ Obot Akara, Akwa Ibom State"
,,Bebeji/Kiru,Kiru/Bebeji,Bebeji/Kiru,Kano,Bebeji/Kiru,1138,"area/bebeji/kiru,_kano_state","Bebeji/Kiru, Kano State"
,,Vandeikya/Konshisha,Konshisha/Vandekiya,Konshisha/Vandekiya,Benue,Vandeikya/Konshisha,926,"area/vandeikya/konshisha,_benue_state","Vandeikya/Konshisha, Benue State"
,,,,Yamaltu/Deba,Gombe,Yamaltu-Deba,1079,"area/yamaltu-deba,_gombe_state","Yamaltu-Deba, Gombe State"
,,,,Okitipupa/Irele,Ondo,Okitipupa/Irele,1173,"area/okitipupa/irele,_ondo_state","Okitipupa/Irele, Ondo State"
,,KEFFI/KARU/KOKONA,Karu / Kokona / Keffi,Keffi/Karu/Kokona,Nassarawa,KEFFI/KARU/KOKONA,951,"area/karu/keffi/kokona,_nassarawa_state","KARU/KEFFI/KOKONA, Nassarawa State"
,,Mbaitolu/Ikeduru,Mbaitoli/Ikeduru,Ikeduru/Mbaitoli,Imo,Mbaitolu/Ikeduru,1215,"area/mbaitolu/ikeduru,_imo_state","Mbaitolu/ikeduru, Imo State"
,,Calabar Munincipal/Odukpani,CALABAR/UDOKPANI,Calabar Municipal/Odukpani,Cross River,Calabar Munincipal/Odukpani,1024,"area/calabar_munincipal/odukpani,_cross_river_state","Calabar Munincipal/Odukpani, Cross River State"
,,,,Fika/Fune,Yobe,Fika/Fune,953,"area/fika/fune,_yobe_state","Fika/Fune, Yobe State"
,,ANKA//TALATA-MAFARA,Anka/Talata Mafara,Anka/Talata Mafara,Zamfara,ANKA//TALATA-MAFARA,975,"area/anka/mafara,_zamfara_state","Anka/Mafara, Zamfara State"
,,Etinan/ nsit/nsit Ubium,Etinan,Etinan/Nsit Ibom/Nsit ubium,Akwa Ibom,Etinan/ nsit/nsit Ubium,1238,"area/etinan/nsit_ibom/nsit_ubium,_akwa_ibom_state","Etinan/Nsit Ibom/Nsit Ubium, Akwa Ibom State"
,,Bama/Ngala/Kala-Balge,Bama / Ngala,Bama/Ngala/Kala-Balge,Borno,Bama/Ngala/Kala-Balge,1141,"area/bama/ngala/kalabalge,_borno_state","Bama/Ngala/Kalabalge, Borno State"
,,,,Tsanyawa/Kunchi,Kano,Tsanyawa/Kunchi,1140,"area/tsanyawa/kunchi,_kano_state","Tsanyawa/Kunchi, Kano State"
,,Biu/Bayo/Shani/Kwaya Kusar,Biu / Bayo / Kwaya-Kusar / Shani,Biu/Kwaya-Kusar/Shani/Bayo,Borno,Biu/Bayo/Shani/Kwaya Kusar,1181,"area/biu/bayo/shani/kwaya_kusar,_borno_state","Biu/Bayo/Shani/Kwaya Kusar, Borno State"
,,,,Ikeja,Lagos,IKEJA,1259,"area/ikeja,_lagos_state","Ikeja, Lagos State"
,,Ohaukwu/Ebonyi,Ebonyi/Ohaukwu,Ebonyi/Ohaukwu,Ebonyi,Ohaukwu/Ebonyi,1052,"area/ohaukwu/ebonyi,_ebonyi_state","Ohaukwu/Ebonyi, Ebonyi State"
,,Municipal/Bwari,ABUJA MUNICIPAL/BWARI,Abuja municipal/Bwari,Federal Capital Territory,Municipal/Bwari,1125,"area/abuja_municipal_/bwari,_federal_capital_territory_state","Abuja Municipal /Bwari, Federal Capital Territory State"
,,GULANI/GUJBA/DAMATURU/TARMUWA,Damatura/Gujba/Gulani/Tarmuwa,Damatura/Gujba/Gulani/Tarmuwa,Yobe,GULANI/GUJBA/DAMATURU/TARMUWA,969,"area/damaturu/gujba/gulani/tarmuwa,_yobe_state","Damaturu/Gujba/Gulani/Tarmuwa, Yobe State"
,,IFAKO-IJAIYE,Ifako Ijaye,Ifako Ijaye,Lagos,IFAKO-IJAIYE,1034,"area/ifako-ijaiye,_lagos_state","Ifako-Ijaiye, Lagos State"
,,,,Agege,Lagos,AGEGE,1070,"area/agege,_lagos_state","Agege, Lagos State"
,,Aninri/Agwu/Oji-uzo,Aninri / Agwu / Oji-River,Aninri / Agwu / Oji-River,Enugu,Aninri/Agwu/Oji-uzo,1096,"area/aninri/agwu/oji-uzo,_enugu_state","Aninri/Agwu/Oji-uzo, Enugu State"
,,Ughelli North/South/Udu,Udu/Ughelli North/South,Ughelli North/Ughelli South/Udu,Delta,Ughelli North/South/Udu,1031,"area/ughelli_north/south/udu,_delta_state","Ughelli North/South/Udu, Delta State"
,,AKOKO NORTH EAST/ AKOKO NORTH WEST,Akoko North East/North-West,Akoko North East/Akoko North West,Ondo,AKOKO NORTH EAST/ AKOKO NORTH WEST,1268,"area/akoko_north_east/west,_ondo_state","Akoko North East/West, Ondo State"
,,,,Wudil/Garko,Kano,Wudil/Garko,989,"area/wudil/garko,_kano_state","Wudil/Garko, Kano State"
,,,,Ringim/Taura,Jigawa,Ringim/Taura,1064,"area/ringim/taura,_jigawa_state","Ringim/Taura, Jigawa State"
,,,,Darazo/Ganjuwa,Bauchi,Darazo/Ganjuwa,1102,"area/darazo/gunjuwa,_bauchi_state","Darazo/Gunjuwa, Bauchi State"
,,IFELODUN/OFFA/OYUN,Felodun/Offa/Oyun,Ifelodun/Offa/Oyun,Kwara,IFELODUN/OFFA/OYUN,1055,"area/offa/oyun/ifelodun,_kwara_state","Offa/Oyun/Ifelodun, Kwara State"
,,,,Dawakin-Kudu/Warawa,Kano,Dawakin-Kudu/Warawa,1012,"area/dawakin_kudu/warawa,_kano_state","Dawakin Kudu/Warawa, Kano State"
,,,,Tarauni,Kano,Tarauni,1017,"area/tarauni,_kano_state","Tarauni, Kano State"
,,Michika/Madagali,Madagali / Michika,Madagali/Michika,Adamawa,Michika/Madagali,1095,"area/michika/madagali,_adamawa_state","Michika/Madagali, Adamawa State"
,,,,Awe/Doma/Keana ,Nassarawa,AWE/DOMA/KEANA,992,"area/awe/doma/keana,_nassarawa_state","Awe/Doma/Keana, Nassarawa State"
,,TAI/ELEME/OYIGBO,Eleme / Oyigbo / Tai,Eleme/Tai/Oyigbo,Rivers,TAI/ELEME/OYIGBO,1206,"area/tai/eleme/oyigbo,_rivers_state","Tai/Eleme/Oyigbo, Rivers State"
,,AFIJIO/ATIBA/OYO EAST/ OYO WEST,Afijio/Atiba East/Oyo West,Afijio/Oyo East/Oyo West/ Atiba,Oyo,AFIJIO/ATIBA/OYO EAST/ OYO WEST,1002,"area/afijio/oyo_east/oyo_west/_atiba,_oyo_state","Afijio/Oyo East/Oyo West/ Atiba, Oyo State"
,,,,Binji/Silame,Sokoto,BINJI/SILAME,1015,"area/binji/silame,_sokoto_state","Binji/Silame, Sokoto State"
,,,,Yabo/Shagari,Sokoto,Yabo/Shagari,1187,"area/shagari/yabo,_sokoto_state","Shagari/Yabo, Sokoto State"
,,,,Nkanu East/Nkanu West,Enugu,Nkanu East/Nkanu West,1049,"area/nkanu_east/nkanu_west,_enugu_state","Nkanu East/Nkanu West, Enugu State"
,,WURNO/RABBAH,Wurno / Rabah,Wurno / Rabah,Sokoto,WURNO/RABBAH,962,"area/wurno/rabah,_sokoto_state","Wurno/Rabah, Sokoto State"
,,Hong/Gombi,Gombi/Hong,Gombi/Hong,Adamawa,Hong/Gombi,922,"area/hong/gombi,_adamawa_state","Hong/Gombi, Adamawa State"
,,OSHODI/ISOLO II,Oshodi / Isolo Fed. Const II,Oshodi/Isolo II,Lagos,OSHODI/ISOLO II,1275,"area/oshodi-isolo_ii,_lagos_state","Oshodi-Isolo II, Lagos State"
,,TSAFE/GUSAU,GUSAU/TSAFE,Gusau/Tsafe,Zamfara,TSAFE/GUSAU,937,"area/tsafe/gusau,_zamfara_state","Tsafe/Gusau, Zamfara State"
,,OBIO AKPOR,Obio-Akpor,Obio-Akpor,Rivers,OBIO AKPOR,973,"area/obio/akpor,_rivers_state","Obio/Akpor, Rivers State"
,,Kaga/Gubio/Magumeri,Kaga / Gubio / Magumeri,Kaga/Gubio/Magumeri,Borno,Kaga/Gubio/Magumeri,988,"area/kaga/gubio/magumeri,_borno_state","Kaga/Gubio/Magumeri, Borno State"
,,Ahiazu Mbaise/Ezinihitte,AHIAZU-MBAISE/EZINITTE,Ahiazu Mbaise/Ezinihitte,Imo,Ahiazu Mbaise/Ezinihitte,1057,"area/ahiazu_mbaise/ezinihitte,_imo_state","Ahiazu Mbaise/Ezinihitte, Imo State"
,,OGBOMOSHO NORTH/OGBOMOSO SOUTH /ORIRE,Ogbomosho North & South/Orire,Ogbomoso North/Ogbomoso South/Orire,Oyo,OGBOMOSHO NORTH/OGBOMOSO SOUTH /ORIRE,1005,"area/ogbomosho/north/south/orire,_oyo_state","Ogbomosho/North/South/Orire, Oyo State"
,,Nnewi North/South/Ekwusigo,NnewiNort / South & Ekwusigo,Nnewi North/Nnewi South/Ekwusigo,Anambra,Nnewi North/South/Ekwusigo,1227,"area/nnewi_north/south/ekwusigo,_anambra_state","Nnewi North/South/Ekwusigo, Anambra State"
,,PORT HARCOURT II,Port Harcourt Fed. Const.2,Port Harcourt II,Rivers,PORT HARCOURT II,1220,"area/port_harcourt_2,_rivers_state","Port Harcourt 2, Rivers State"
,,,,Ogoja/Yala,Cross River,OGOJA/YALA,1061,"area/ogoja/yala,_cross_river_state","Ogoja/Yala, Cross River State"
,,,,Ogbaru,Anambra,Ogbaru,1111,"area/ogbaru,_anambra_state","Ogbaru, Anambra State"
,,KHANA/GOKANA,Khana / Gokana,Khana/Gokana,Rivers,KHANA/GOKANA,986,"area/khana/gokana,_rivers_state","Khana/Gokana, Rivers State"
,,EGBADO-NORTH/IMEKO-AFON,Egbado North/Imeko Afon,Egbado North/Imeko Afon,Ogun,EGBADO-NORTH/IMEKO-AFON,1157,"area/imeko_afon/egbado_north,_ogun_state","Imeko Afon/Egbado North, Ogun State"
,,Egor/Ikpoba-okha,Egor / Ikpoba-Okha,Egor/Ikpoba-Okha,Edo,Egor/Ikpoba-okha,957,"area/egor/ikpoba-okha,_edo_state","Egor/Ikpoba-okha, Edo State"
,,,,Ikwerre/Emohua,Rivers,Ikwerre/Emohua,1189,"area/ikwerre/_emohua,_rivers_state","Ikwerre/ Emohua, Rivers State"
,,RIJAU/MAGAMA,MAGAMA/RIJAU,Magama/Rijau,Niger,RIJAU/MAGAMA,1194,"area/magama/rijau,_niger_state","Magama/Rijau, Niger State"
,,Kura/Madobi/Garun Mallam,Kura/Madobi/Garum Mallam,Kura/Madobi/Garun Mallam,Kano,Kura/Madobi/Garun Mallam,1004,"area/kura/madobi/garun_malam,_kano_state","Kura/Madobi/Garun Malam, Kano State"
,,EDE NORTH/EDE SOUTH/EGBEDORE/EJIGBO,Eden North,Ede North/Ede South/ Egbedore/Ejigbo,Osun,EDE NORTH/EDE SOUTH/EGBEDORE/EJIGBO,1168,"area/ede_north,south/egbedero/ejigbo,_osun_state","Ede North,South/Egbedero/Ejigbo, Osun State"
,,Ezza North/Ishielu,Ezza North/Ishelu,Ezza North/Ishelu,Ebonyi,Ezza North/Ishielu,1050,"area/ezza_north/ishielu,_ebonyi_state","Ezza North/Ishielu, Ebonyi State"
,,Ukwa East/Ukwa West,Ukwa East/West,Ukwa East/Ukwa West,Abia,Ukwa East/Ukwa West,1110,"area/ukwa_east/ukwa_west,_abia_state","Ukwa East/Ukwa West, Abia State"
,,Okpe/Sapele/Uvwie,Okpe/ Sapele/ Uvwie,Okpe/Sapele/Uvwie,Delta,Okpe/Sapele/Uvwie,1035,"area/opke/sapele/uvwie,_delta_state","Opke/Sapele/Uvwie, Delta State"
,,Municipal/Bwari,ABUJA MUNICIPAL/BWARI,Abuja municipal/Bwari,Federal Capital Territory,Municipal/Bwari,1125,"area/amac/bwari,_federal_capital_territory_state","AMAC/Bwari, Federal Capital Territory State"
,,SHINKAFI/ZURMI,ZurmiI/Shinkafi,Shinkafi/Zurmi,Zamfara,SHINKAFI/ZURMI,1217,"area/zurmi/shinkafi,_zamfara_state","Zurmi/Shinkafi, Zamfara State"
,,,,Sokoto North/Sokoto South,Sokoto,Sokoto North/South,1106,"area/sokoto_north/sokoto_south,_sokoto_state","Sokoto North/Sokoto South, Sokoto State"
,,KALGO/BUNZA/BIRNIN KEBBI,Birnin Kebbi - Kalgo - Bunza,Bunza/Birnin Kebbi/Kalgo,Kebbi,KALGO/BUNZA/BIRNIN KEBBI,964,"area/b/kebbi/kalgo/bunza,_kebbi_state","B/Kebbi/Kalgo/Bunza, Kebbi State"
,,IBARAPA EAST/IDO,Ibarapa East / Ido,Ibarapa East/Ido,Oyo,IBARAPA EAST/IDO,1156,"area/ibarapa_east/ido,_oyo_state","Ibarapa East/Ido, Oyo State"
,,,,Owo/Ose,Ondo,Owo/Ose,1044,"area/owo/ose,_ondo_state","Owo/Ose, Ondo State"
,,,,Guyuk/Shelleng,Adamawa,Guyuk/Shelleng,1271,"area/guyuk/shelleng,_adamawa_state","Guyuk/Shelleng, Adamawa State"
,,JIBIA/KAITA,Kaita/Jibiya Constituency,Jibia/Kaita,Katsina,JIBIA/KAITA,1067,"area/kaita/jibia,_katsina_state","Kaita/Jibia, Katsina State"
,,NASSAWARA/TOTO,Nasarawa / Toto,Nasarawa/Toto,Nassarawa,NASSAWARA/TOTO,1009,"area/nasarawa/toto,_nassarawa_state","Nasarawa/Toto, Nassarawa State"
,,,,Ethiope East/Ethiope West,Delta,Ethiope,1246,"area/ethiope,_delta_state","Ethiope, Delta State"
,,,,Alabasu/Gaya/Ajingi,Kano,Albasu/Gaya/Ajingi,1107,"area/alabasu/gaya/ajingi,_kano_state","Alabasu/Gaya/Ajingi, Kano State"
,,,,Southern Ijaw,Bayelsa,Southern Ijaw,927,"area/southern_ijaw,_bayelsa_state","Southern Ijaw, Bayelsa State"
,,Uyo/Uruan/Nsit Ata/Ibeskip Asutan,Uyo,Uyo/Uruan/Nsit Atai/Ibesikpo Asutan,Akwa Ibom,Uyo/Uruan/Nsit Ata/Ibeskip Asutan,1248,"area/uyo/uruan/nsit_ata/ibeskip_asutan,_akwa_ibom_state","Uyo/Uruan/Nsit Ata/Ibeskip Asutan, Akwa Ibom State"
,,Awka North/South,Awka North & South,Awka North/Awka South,Anambra,Awka North/South,1233,"area/awka_north/south,_anambra_state","Awka North/South, Anambra State"
,,,,Sumaila/Takai,Kano,Sumaila/Takai,1089,"area/sumaila/takai,_kano_state","Sumaila/Takai, Kano State"
,,AMUWO-ODOFIN,Amuwo Odofin Federal Constituency,Amuwo-Odofin,Lagos,AMUWO-ODOFIN,1040,"area/amuwo_odofin,_lagos_state","Amuwo Odofin, Lagos State"
,,,,Nassarawa,Kano,Nassarawa,1020,"area/nassarawa,_kano_state","Nassarawa, Kano State"
,,Enugu North/South,Enugu North/Enugu South,Enugu North/Enugu South,Enugu,Enugu North/South,1030,"area/enugu_north/south,_enugu_state","Enugu North/South, Enugu State"
,,,,Oredo,Edo,Oredo,1058,"area/oredo,_edo_state","Oredo, Edo State"
,,DANDUME/FUNTUA,Funtua/Dandume Constituency,Funtua/Dandume,Katsina,DANDUME/FUNTUA,983,"area/funtua/dandume,_katsina_state","Funtua/Dandume, Katsina State"
,,Gombe/kwami/Funakaye,Gombe Kwami Funakaye,Gombe/Kwami/Funakaye,Gombe,Gombe/kwami/Funakaye,970,"area/gombe,kwami_&funakaye,_gombe_state","Gombe,kwami &Funakaye, Gombe State"
,,KEFFI/KARU/KOKONA,Karu / Kokona / Keffi,Keffi/Karu/Kokona,Nassarawa,KEFFI/KARU/KOKONA,951,"area/keffi/karu/kokona,_nassarawa_state","Keffi/Karu/Kokona, Nassarawa State"
,,Akpabuyo/Bakassi/Calabar South,Calabar South/Akpabuyo/Bakassi,Calabar South/Akpabuyo/ Bakassi,Cross River,Akpabuyo/Bakassi/Calabar South,1255,"area/akpabuyo/bakassi/calabar_south,_cross_river_state","Akpabuyo/Bakassi/Calabar South, Cross River State"
,,GADA/GORONYO,Goronyo/Gada,Goronyo/Gada,Sokoto,GADA/GORONYO,1010,"area/goronyo/gada,_sokoto_state","Goronyo/Gada, Sokoto State"
,,PATIGI/EDU/MORO,Edu/Moro/Patigi,Edu/Moro/Patigi,Kwara,PATIGI/EDU/MORO,1180,"area/edu/moro/patigi,_kwara_state","Edu/Moro/Patigi, Kwara State"
,,Igbo-Etiti/Uzo-Uwani,Igbo Etiti,Igbo-Etiti/Uzo-Uwani,Enugu,Igbo-Etiti/Uzo-Uwani,1086,"area/igbo-etiti/uzo-uwani,_enugu_state","Igbo-Etiti/Uzo-Uwani, Enugu State"
,,ADO-ODO/OTA,AdoOdo/Ota / Otta,Ado-Odo/Ota,Ogun,ADO-ODO/OTA,1203,"area/ado-odo/ota,_ogun_state","Ado-Odo/Ota, Ogun State"
,,ABUA-ODUAL/AHOADA EAST,Ahoada East/Abua/Odual,Abua-Odual/Ahoada East,Rivers,ABUA-ODUAL/AHOADA EAST,1216,"area/ahoada-east/abua/odual,_rivers_state","Ahoada-East/Abua/Odual, Rivers State"
,,MANI/BINDAWA,Mani/Bindawa Constituency,Mani/Bindawa,Katsina,MANI/BINDAWA,946,"area/mani/bindawa,_katsina_state","Mani/Bindawa, Katsina State"
,,Ikono/ Ini,Ini /Ikono,Ikono/Ini,Akwa Ibom,Ikono/ Ini,941,"area/ikono/_ini,_akwa_ibom_state","Ikono/ Ini, Akwa Ibom State"
,,,,Oluyole,Oyo,Oluyole,929,"area/oluyole_local_govt.,_oyo_state","Oluyole Local Govt., Oyo State"
,,OBOKUN/ORIADE,Oriade / Obokon,Obokun/Oriade,Osun,OBOKUN/ORIADE,1021,"area/obokon/oriade,_osun_state","Obokon/Oriade, Osun State"
,,MUSHIN II,Mushin II Federal Constituency,Mushin II Federal Constituency,Lagos,MUSHIN II,919,"area/mushin_ii,_lagos_state","Mushin II, Lagos State"
,,Mallam Madori/Kaugama,MalamMad/Kaugama,Mallam Madori/Kaugama,Jigawa,Mallam Madori/Kaugama,1123,"area/mallam_madori/kaugama,_jigawa_state","Mallam Madori/Kaugama, Jigawa State"
,,,,Karaye/Rogo,Kano,Karaye/Rogo,1160,"area/karaye/rogo,_kano_state","Karaye/Rogo, Kano State"
,,,,Gboko/Tarka,Benue,GBOKO/TARKA,959,"area/gboko/tarka,_benue_state","Gboko/Tarka, Benue State"
,,,,Kaduna South,Kaduna,Kaduna South,1223,"area/kaduna_south,_kaduna_state","Kaduna South, Kaduna State"
,,BARUTEN/KAIAMA,Baruten/Kalama,Baruten/Kaiama,Kwara,BARUTEN/KAIAMA,997,"area/baruten/kaiama,_kwara_state","Baruten/Kaiama, Kwara State"
,,IBADAN NORTH WEST/SOUTH WEST,Ibadan Southwest/ Northwest,Ibadan South West/Ibadan North West,Oyo,IBADAN NORTH WEST/SOUTH WEST,1145,"area/ibadan_north_west/south_west,_oyo_state","Ibadan North West/South West, Oyo State"
,,Kukawa/Mobbar/Abadam/Guzamala,Kukawa/Guzamala Abadam/Mobbar,Kukawa/Mobbar/Abadam/Guzamali,Borno,Kukawa/Mobbar/Abadam/Guzamala,945,"area/kukawa/mobbar/abadam/guzamalai,_borno_state","Kukawa/Mobbar/Abadam/Guzamalai, Borno State"
,,Abak/ETIM EKPO/IKA,Abak/Etim Ekpo & Ika,Abak/Etim Ekpo/Ika,Akwa Ibom,Abak/ETIM EKPO/IKA,1247,"area/abak/etim_ekpo/ika,_akwa_ibom_state","Abak/Etim Ekpo/Ika, Akwa Ibom State"
,,,,Dutsin-ma/Kurfi,Katsina,DUTSIN-MA/KURFI,1072,"area/dutsin-ma/kurfi,_katsina_state","Dutsin-ma/Kurfi, Katsina State"
,,ZURU/FAKAI/DANKO/SAKABA/WASAGU,Zuru/Fakai/Sakaba/Danko-Wasagu,Fakai/Sakaba/Wasagu/Danko/Zuru,Kebbi,ZURU/FAKAI/DANKO/SAKABA/WASAGU,1133,"area/zuru/fakai/sakaba/d/wasagu,_kebbi_state","Zuru/Fakai/Sakaba/D/Wasagu, Kebbi State"
,,Gwarzo/kabo,Gwarzo/kabo Federal Constituency,Gwarzo/Kabo,Kano,Gwarzo/kabo,1018,"area/gwarzo/ikabo,_kano_state","Gwarzo/Ikabo, Kano State"
,,YAGBA EAST/WEST/MOPAMURO,Yagba East/West,Yagba East/Yagba West/Mopamuro,Kogi,YAGBA EAST/WEST/MOPAMURO,1090,"area/yagba_east/yagba_west/mopa-muro,_kogi_state","Yagba East/Yagba West/Mopa-muro, Kogi State"
,,Aniocha North/South,Aniocha North/Aniocha South/Oshimili North/Oshimili South,Aniocha North/Aniocha South/Oshimili North/Oshimili South,Delta,Aniocha North/South,1022,area/aniocha_north/aniocha_south/_oshimili_n_&_s,
,,Dambatta/Makoda,Dabbatta/Makoda,Dabbatta/Makoda,Kano,Dambatta/Makoda,1204,"area/dambatta/makoda,_kano_state","Dambatta/Makoda, Kano State"
,,Anaocha/Njikoka/Dunukofia,Anocha/Njikoka/Dunukofia,Njikoka/Dunukofia/Anaocha,Anambra,Anaocha/Njikoka/Dunukofia,1099,"area/anaocha/njikoka/dunukofia,_anambra_state","Anaocha/Njikoka/Dunukofia, Anambra State"
,,,,Dala,Kano,Dala,1183,"area/dala,_kano_state","Dala, Kano State"
,,ILAJE/ESEODO,Ilaje / Ese Odo,Eseodo/Ilaje,Ondo,ILAJE/ESEODO,1056,"area/eseodo/ilaje,_ondo_state","Eseodo/Ilaje, Ondo State"
,,Aba North/South,Aba North / Aba South,Aba North/Aba South,Abia,Aba North/South,1109,"area/aba_north/south,_abia_state","Aba North/South, Abia State"
,,,,Ogbia,Bayelsa,Ogbia,1016,"area/ogbia,_bayelsa_state","Ogbia, Bayelsa State"
,,ISEYIN/ITESIWAJU/KAJOLA/IWAJOWA,Iseyin/ Itesiwasu / Kajola / Iwajowa,Iseyin/Itesiwasu/Kajola/Iwajowa,Oyo,ISEYIN/ITESIWAJU/KAJOLA/IWAJOWA,1037,"area/iseyin/itesiwaju/kajola/iwajowa,_oyo_state","Iseyin/Itesiwaju/Kajola/Iwajowa, Oyo State"
,,Askira-Uba/Hawul,Askira /Uba / Hawul,Askira /Uba / Hawul,Borno,Askira-Uba/Hawul,1131,"area/askira-uba/hawul,_borno_state","Askira-Uba/Hawul, Borno State"
,,LAFIA/OBI,Lafia  / Obi,Lafia/Obi,Nassarawa,LAFIA/OBI,971,"area/lafia/obi,_nassarawa_state","Lafia/Obi, Nassarawa State"
,,BOOSO/PAIKORO,Bosso/Paikoro,Bosso/Paikoro,Niger,BOOSO/PAIKORO,1065,"area/bosso/paikoro,_niger_state","BOSSO/PAIKORO, Niger State"
,,,,Wase,Plateau,Wase,1163,"area/wase,_plateau_state","Wase, Plateau State"
,,Zaria Federal,Zaria,Zaria,Kaduna,Zaria Federal,1128,"area/zaria_federal,_kaduna_state","Zaria Federal, Kaduna State"
,,ONDO WEST/ONDO EAST,ONDO EAST/WEST,Ondo East/Ondo West,Ondo,ONDO WEST/ONDO EAST,1171,"area/ondo_east/ondo_west,_ondo_state","Ondo East/Ondo West, Ondo State"
,,Oju/Obi,Oju / Obi,Oju/Obi,Benue,Oju/Obi,1068,"area/oju/obi,_benue_state","Oju/Obi, Benue State"
,,Aguta,Aguata,Aguata,Anambra,Aguta,1200,"area/aguta,_anambra_state","Aguta, Anambra State"
,,ODEDA/OBAFEMI-OWODE/ABEOKUTA NORTH,Abeokuta North / Obafemi Owode & Odeda Fed. Const.,Abeokuta North/ Obafemi- Owode/Odeda,Ogun,ODEDA/OBAFEMI-OWODE/ABEOKUTA NORTH,1041,"area/abeokuta_north/_obafemi-_owode/odeda,_ogun_state","Abeokuta North/ Obafemi- Owode/Odeda, Ogun State"
,,SURULERE II,Surulere Fed. Const. II,Surulere II,Lagos,SURULERE II,1184,"area/surulere_ii,_lagos_state","Surulere II, Lagos State"
,,BAGUDO/SURU,Bagudo / Suru,Bagudo/Suru,Kebbi,BAGUDO/SURU,1210,"area/bagudo/suru,_kebbi_state","Bagudo/Suru, Kebbi State"
,,Apa/Aguta,APA/AGATU,Apa/Agatu,Benue,Apa/Aguta,1153,"area/apa/agatu,_benue_state","Apa/Agatu, Benue State"
,,SAKI EAST/ SAKI WEST/ ATISBO,Saki East/West/Atisbo,Saki East/Saki West/Atigbo,Oyo,SAKI EAST/ SAKI WEST/ ATISBO,965,"area/atisbo/saki_east/saki_west,_oyo_state","Atisbo/Saki East/Saki West, Oyo State"
,,Kazaure/Roni/Gwiwa/Yankwashi,Kazaure/Roni Gwiwa,Kazaure/Roni/Gwiwa/Yankwashi,Jigawa,Kazaure/Roni/Gwiwa/Yankwashi,1207,"area/kazaure/roni/gwiwa/yankwashi,_jigawa_state","Kazaure/Roni/Gwiwa/Yankwashi, Jigawa State"
,,PANKSHIN/KANAM/ KANKE,PANKSHIN/KANKE/KANAM,Kanke/Pankshin/Kanam,Plateau,PANKSHIN/KANAM/ KANKE,1251,"area/pankshin/kanke/kanam,_plateau_state","Pankshin/Kanke/Kanam, Plateau State"
,,OKRIKA/OGU-BOLO,Okrika / Ogu / Bolo,Okrika/Ogu-Bolo,Rivers,OKRIKA/OGU-BOLO,1221,"area/okrika/ogu-bolo,_rivers_state","Okrika/Ogu-Bolo, Rivers State"
,,EMURE/GBOYIN/EKITI EAST,EMURE/GBONYIN/EKITI EAST,Emure/Gbonyin/Ekiti East,Ekiti,EMURE/GBOYIN/EKITI EAST,1205,"area/emure/gbonyin/ekiti_east,_ekiti_state","Emure/Gbonyin/Ekiti East, Ekiti State"
,,Onitsha North/South,Onitsha North/South Federal,Onitsha North/Onitsha South,Anambra,Onitsha North/South,1235,"area/onitsha_north/south,_anambra_state","Onitsha North/South, Anambra State"
,,IJERO/EKITI WEST/ EFON,IJERO/EFON/EKITI WEST,Ijero/Ekiti West/Efon,Ekiti,IJERO/EKITI WEST/ EFON,1046,"area/ijero/ekiti_west/efon,_ekiti_state","Ijero/Ekiti West/Efon, Ekiti State"
,,OGO-OLUWA/SURULERE,Ogo Oluwa / Surulere,Ogo Oluwa/Surulere,Oyo,OGO-OLUWA/SURULERE,1042,"area/ogo-oluwa,_oyo_state","Ogo-oluwa, Oyo State"
,,,,Akinyele/Lagelu,Oyo,Akinyele/Lagelu,1008,"area/lagelu/akinyele,_oyo_state","Lagelu/Akinyele, Oyo State"
,,BATAGARAWA/RIMI/CHARANCHI,BATAGARA/CHARANGI/RIMI,Batagarawa/Charanchi/Rimi,Katsina,BATAGARAWA/RIMI/CHARANCHI,918,"area/rimi/charanchi/batagarawa,_katsina_state","Rimi/Charanchi/Batagarawa, Katsina State"
,,AKURE NORTH/AKURE SOUTH,Akure South / North,Akure North/Akure South,Ondo,AKURE NORTH/AKURE SOUTH,940,"area/akure_north/south,_ondo_state","Akure North/South, Ondo State"
,,Ovia South-West/Ovia North-East,Ovia Federal Constituency,Ovia North East/Ovia South West,Edo,Ovia South-West/Ovia North-East,1026,"area/ovia_south/west-ovia_north/east,_edo_state","Ovia South/West-Ovia North/East, Edo State"
,,Dukku / Nafada,Dukku/Nafada,Dukku/Nafada,Gombe,Dukku / Nafada,1103,"area/dukku_/_nafada,_gombe_state","Dukku / Nafada, Gombe State"
,,ANKPA/OMALA/OLAMABORO,Ankpa-Omala-Olamaboro,Ankpa/Omala/Olamaboro,Kogi,ANKPA/OMALA/OLAMABORO,990,"area/ankpa/omala/olamaboro,_kogi_state","Ankpa/Omala/Olamaboro, Kogi State"
,,,,Kaduna North,Kaduna,Kaduna North,1209,"area/kaduna_north,_kaduna_state","Kaduna North, Kaduna State"
,,JALINGO/ YORRO/ ZING,Jalingo / Yorro / Zing,Jalingo/Yorro/Zing,Taraba,JALINGO/ YORRO/ ZING,982,"area/jalingo/yorro/zing,_taraba_state","Jalingo/Yorro/Zing, Taraba State"
,,Isoko North/South,Isoko North/Isoko South,Isoko North/Isoko South,Delta,Isoko North/South,977,"area/isoko_north/south,_delta_state","Isoko North/South, Delta State"
,,BONNY/DEGEMA,Degema/Bonny,Degema/Bonny,Rivers,BONNY/DEGEMA,1083,"area/degema/bonny,_rivers_state","Degema/Bonny, Rivers State"
,,JOS NORTH/BASSA,Jos North/Bassa Federal Constituency,Jos North/Bassa,Plateau,JOS NORTH/BASSA,1088,"area/bassa/jos_north,_plateau_state","Bassa/Jos North, Plateau State"
,,KANKARA/FASKARI/SABUWA,Kankara/Faskari/Sabuwa Constituency,Faskari/Kankara/Sabuwa,Katsina,KANKARA/FASKARI/SABUWA,1127,"area/kankara/sabuwa/faskari,_katsina_state","Kankara/Sabuwa/Faskari, Katsina State"
,,,,Abeokuta South,Ogun,Abeokuta South,1071,"area/abeokuta_south,_ogun_state","Abeokuta South, Ogun State"
,,,,Ningi/Warji,Bauchi,NINGI/WARJI,1027,"area/ningi/warji,_bauchi_state","Ningi/Warji, Bauchi State"
,,TAMBUWAL-KEBBE,Kebbe/Tambuwal Federal Constituency,Kebbe/Tambuwal,Sokoto,TAMBUWAL-KEBBE,1114,"area/kebbe/tambuwal,_sokoto_state","Kebbe/Tambuwal, Sokoto State"
,,,,Zango/Baure,Katsina,ZANGO/BAURE,1019,"area/baure/zango,_katsina_state","Baure/Zango, Katsina State"
,,Ado/Ogbadigba/Okpokwu,ADO/OGBADIBO/OKPOKWU,Ado/Obadigbo/Okpokwu,Benue,Ado/Ogbadigba/Okpokwu,923,"area/ado/obadigbo/opkokwu,_benue_state","Ado/Obadigbo/Opkokwu, Benue State"
,,Ikwuano/Umuahia North/South,Umahia North/South/Ikwuaro,Umuahia North/ Umuahia South/ Ikwuano,Abia,Ikwuano/Umuahia North/South,1100,"area/ikwuano/umuahia_north/south,_abia_state","Ikwuano/Umuahia North/South, Abia State"
,,,,Ojo,Lagos,OJO,1087,"area/ojo,_lagos_state","Ojo, Lagos State"
,,PORT HARCOURT I,Port Harcourt One,Port Harcourt I,Rivers,PORT HARCOURT I,967,"area/port_harcourt_1,_rivers_state","Port Harcourt 1, Rivers State"
,,Warri,Warri North/Warri South/Warri West,Warri North/Warri South/Warri South West,Delta,Warri,1240,"area/warri,_delta_state","Warri, Delta State"
,,Yola North/Yola South/Girei,Yola North/Yola South & Girei,Yola North/Yola South/Girei,Adamawa,Yola North/Yola South/Girei,1166,"area/yola_north/yola_south/girei,_adamawa_state","Yola North/Yola South/Girei, Adamawa State"
,,Ohaji-Egbema/Oguta/Oru West,Ohaji / Egbema-Oguta-Oru West,Oguta/Ohaji-Egbema/Oru West,Imo,Ohaji-Egbema/Oguta/Oru West,943,"area/oguta/ohaji-egbema/oru_west,_imo_state","Oguta/Ohaji-Egbema/Oru West, Imo State"
,,Aniocha North/South,Aniocha North/Aniocha South/Oshimili North/Oshimili South,Aniocha North/Aniocha South/Oshimili North/Oshimili South,Delta,Aniocha North/South,1022,"area/aniocha_north/aniocha_south/_oshimili_n_&_s,_delta_state","Aniocha North/Aniocha South/ Oshimili N & S, Delta State"
,,AKWANGA//WAMBA/NASARAWA EGGON,AKWANGA/WAMBA/NASARAWA EGGON,Akwanga/Nassarawa Eggon/Wamba,Nassarawa,AKWANGA//WAMBA/NASARAWA EGGON,1242,"area/akwanga/nasarawa_eggon/wamba,_nassarawa_state","Akwanga/Nasarawa Eggon/Wamba, Nassarawa State"
,,,,Argungu/Augie,Kebbi,Argungu/Augie,1270,"area/argungu/augie,_kebbi_state","Argungu/Augie, Kebbi State"
,,GBAKO/BIDA/KATCHA,Bida Gbaka Paicho,Bida/Gbako/Katcha,Niger,GBAKO/BIDA/KATCHA,1137,"area/bida/gbako/katcha,_niger_state","Bida/Gbako/Katcha, Niger State"
,,Yenagoa/Kolokuma/Opokuma,Yenagoa/K/Opokuma,Yenagoa/Kolokuna/Opokuma,Bayelsa,Yenagoa/Kolokuma/Opokuma,1113,"area/yenagoa/kolokuna/opokuma,_bayelsa_state","Yenagoa/Kolokuna/Opokuma, Bayelsa State"
,,Brass/Nembe,Brass / Nembe,Brass / Nembe,Bayelsa,Brass/Nembe,1263,"area/brass/nembe,_bayelsa_state","Brass/Nembe, Bayelsa State"
,,,,Kaura,Kaduna,Kaura,1274,"area/kaura,_kaduna_state","Kaura, Kaduna State"
,,LOKOJA/KOGI (KK),Lokoja,Kogi (Lokoja)/Kogi (K.K.),Kogi,LOKOJA/KOGI (KK),1104,"area/lokoja/kogi/kk,_kogi_state","Lokoja/Kogi/KK, Kogi State"
,,IKENNE/SHAGAMU/REMO NORTH,Sagamu/Ikenne / Remo North,Ikenne/Shagamu/Remo North,Ogun,IKENNE/SHAGAMU/REMO NORTH,1222,"area/ikenne/shagamu/remo_north,_ogun_state","Ikenne/Shagamu/Remo North, Ogun State"
,,,,Akamkpa/Biase,Cross River,AKAMKPA/BIASE,1239,"area/akamkpa/biase,_cross_river_state","Akamkpa/Biase, Cross River State"
,,Okigwe/Isiala-Mbano/Onuimo,Onuimo/Okigwe/Isiala Mbano,Isiala Mbano/Okigwe/Onuimo,Imo,Okigwe/Isiala-Mbano/Onuimo,985,"area/isiala_mbano/okigwe/onuimo,_imo_state","Isiala Mbano/Okigwe/Onuimo, Imo State"
,,SURULERE I,Surulere I Federal Constituency,Surulere I,Lagos,SURULERE I,1262,"area/surulere_i,_lagos_state","Surulere I, Lagos State"
,,Jema'a/Sanga,Jema'a /Sanga,Jema'a/Sanga,Kaduna,Jema'a/Sanga,1077,"area/jemaa/sanga,_kaduna_state","Jemaa/Sanga, Kaduna State"
,,,,Jos South/Jos East,Plateau,Jos South/Jos East,1219,"area/jos_south/east,_plateau_state","Jos South/East, Plateau State"
,,Zangon Kataf/Jaba,Jaba/Zangon Kafat,Zangon Kataf/Jaba,Kaduna,Zangon Kataf/Jaba,1272,"area/zangon_kataf/jaba,_kaduna_state","Zangon Kataf/Jaba, Kaduna State"
,,,,Fagge,Kano,Fagge,1188,"area/fagge,_kano_state","Fagge, Kano State"
,,,,Igabi,Kaduna,Igabi,932,"area/igabi,_kaduna_state","Igabi, Kaduna State"
,,,,Guma/Makurdi,Benue,MAKURDI/GUMA,1250,"area/makurdi/guma,_benue_state","Makurdi/Guma, Benue State"
,,Municipal,Kano Municipal,Kano Municipal,Kano,Municipal,920,"area/kano_municipal,_kano_state","Kano Municipal, Kano State"
,,,,Gamawa,Bauchi,Gamawa,979,"area/gamawa,_bauchi_state","Gamawa, Bauchi State"
,,,,Alimosho,Lagos,Alimosho,1084,"area/alimosho,_lagos_state","Alimosho, Lagos State"
,,,,Langtang North/Langtang South,Plateau,Langtang North/Langtang South,1213,"area/langtang_north/south,_plateau_state","Langtang North/South, Plateau State"
,,,,Lagos Island II,Lagos,LAGOS ISLAND II,1116,"area/lagos_island_ii,_lagos_state","Lagos Island II, Lagos State"
,,,,Akko,Gombe,AKKO,1108,"area/akko,_gombe_state","Akko, Gombe State"
,,,,Babura/Garki,Jigawa,BABURA/GARKI,1112,"area/babura/garki,_jigawa_state","Babura/Garki, Jigawa State"
,,OSHODI/ISOLO I,Oshodi-Isolo I Federal Constituency,Oshodi/Isolo I,Lagos,OSHODI/ISOLO I,999,"area/oshodi-isolo_i,_lagos_state","Oshodi-Isolo I, Lagos State"
,,,,Yakurr/Abi,Cross River,Yakurr/Abi,1256,"area/yakurr/abi,_cross_river_state","Yakurr/Abi, Cross River State"
,,MARADUN/BAKURA,Bakura/Maradun,Bakura/Maradun,Zamfara,MARADUN/BAKURA,1211,"area/bakura/maradun,_zamfara_state","Bakura/Maradun, Zamfara State"
,,Enugu East/Isi-Uzo,Enugu_East / Isi-Uzo,Enugu East/Isi Uzo,Enugu,Enugu East/Isi-Uzo,972,"area/enugu_east/isi-uzo,_enugu_state","Enugu East/Isi-Uzo, Enugu State"
,,MALUMFASHI/KAFUR,Malunfashi/Kafur,Malumfashi/Kafur,Katsina,MALUMFASHI/KAFUR,930,"area/malumfashi/kafur,_katsina_state","MalumFashi/Kafur, Katsina State"
,,,,Ezeagu/Udi,Enugu,Ezeagu/Udi,1033,"area/ezeagu/udi,_enugu_state","Ezeagu/Udi, Enugu State"
,,,,Akoko-Edo,Edo,Akoko-Edo,1053,"area/akoko-edo,_edo_state","Akoko-Edo, Edo State"
,,Itu/Ibiono Ibom,Itu,Itu/Ibiono Ibom,Akwa Ibom,Itu/Ibiono Ibom,968,"area/itu/ibiono_ibom,_akwa_ibom_state","Itu/Ibiono Ibom, Akwa Ibom State"
,,YAURI/NGASKI /SHANGA,Yauri/Shanga/Ngaski,Ngaski/Shanga/Yauri,Kebbi,YAURI/NGASKI /SHANGA,1276,"area/yauri/shanga/ngaski,_kebbi_state","Yauri/Shanga/Ngaski, Kebbi State"
,,,,Sagbama/Ekeremor,Bayelsa,Sagbama/Ekeremor,1085,"area/sagbama/ekeremor,_bayelsa_state","Sagbama/Ekeremor, Bayelsa State"
,,IFO/EWEKORO,Ifo / Ewekoro,Ifo/Ewekoro,Ogun,IFO/EWEKORO,1154,"area/ifo/ewekoro,_ogun_state","Ifo/Ewekoro, Ogun State"
,,Ika,Ikan North-East,Ika North East/Ika South,Delta,Ika,1028,"area/ika,_delta_state","Ika, Delta State"
,,MARU/BUNGUDU,Bungudu/Maru,Bungudu/Maru,Zamfara,MARU/BUNGUDU,1075,"area/bungudu/maru,_zamfara_state","Bungudu/Maru, Zamfara State"
,,KOKO-BESSE/MAIYAMA,Maiyama/koko - Besse,Koko-Besse/Maiyama,Kebbi,KOKO-BESSE/MAIYAMA,1185,"area/maiyama/koko/besse,_kebbi_state","Maiyama/Koko/Besse, Kebbi State"
,,Abaji/Gwagwalada/Kwali/Kuje,Gwagwala/Kuje,Abaji/Gwagwalada/Kwali/Kuje,Federal Capital Territory,Abaji/Gwagwalada/Kwali/Kuje,949,"area/kuje/abaji/gwagwalada/kwali,_federal_capital_territory_state","Kuje/Abaji/Gwagwalada/Kwali, Federal Capital Territory State"
,,Oron/Mbo/Okobo/UrueOffong/Oruko/Udung-Uko,Oron/Mbo/Okobo/Urefong/udung-Uko,Oron/Mbo/Okobo/Udung Uko/Urue Offong/Oruko,Akwa Ibom,Oron/Mbo/Okobo/UrueOffong/Oruko/Udung-Uko,1059,"area/oron/mbo/okobo/urueoffong/oruko/udung-uko,_akwa_ibom_state","Oron/Mbo/Okobo/UrueOffong/Oruko/Udung-Uko, Akwa Ibom State"
,,Ikom/Boki,Boki/Ikom,Boki/Ikom,Cross River,Ikom/Boki,1230,"area/ikom/boki,_cross_river_state","Ikom/Boki, Cross River State"
,,,,Arochukwu/Ohafia,Abia,Arochukwu/Ohafia,1191,"area/arochukwu/ohafia,_abia_state","Arochukwu/Ohafia, Abia State"
,,DAURA/MAI'ADUA/SANDAMU,Daura/Maiduwa/Sadamu Constituency,Daura/Sandamu/Mai’adua,Katsina,DAURA/MAI'ADUA/SANDAMU,1066,"area/daura/sandamu/maiadua,_katsina_state","Daura/Sandamu/MaiAdua, Katsina State"
,,,,Katagum,Bauchi,Katagum,1195,"area/katagum,_bauchi_state","Katagum, Bauchi State"
,,KANKIA/KUSADA/INGAWA,Kankia/Kusada/ Ingawa Federal Constituency,Ingawa/Kankia/Kusada,Katsina,KANKIA/KUSADA/INGAWA,1161,"area/kankia/ingawa/kusada,_katsina_state","Kankia/Ingawa/Kusada, Katsina State"
,,Balanga/Billiri,Balanga/Biliri,Balanga/Biliri,Gombe,Balanga/Billiri,1122,"area/balanga/billiri,_gombe_state","Balanga/Billiri, Gombe State"
,,Hadejia/Kafin Hausa/Auyo,Hadejia/KafinHau,Hadejia/Kafin Hausa,Jigawa,Hadejia/Kafin Hausa/Auyo,928,"area/hadejia/kafin_hausa/auyo,_jigawa_state","Hadejia/Kafin Hausa/Auyo, Jigawa State"
,,IKOLE/OYE,Ekiti North,Ikole/Oye,Ekiti,IKOLE/OYE,1143,"area/ikole/oye,_ekiti_state","Ikole/Oye, Ekiti State"
,,,,Obubra/Etung,Cross River,Obubra/Etung,960,"area/obubra/etung,_cross_river_state","Obubra/Etung, Cross River State"
,,ANDONI/OPOBO-NKORO,Opobo / Nkoro,Opobo/Nkoro/Andoni,Rivers,ANDONI/OPOBO-NKORO,1236,"area/andoni/opobo/nkoro,_rivers_state","Andoni/Opobo/Nkoro, Rivers State"
,,Rano/Bunkure/Kibiya,Rano/Bunkure/Kibiya Constituency,Rano/Bunkure/Kibiya,Kano,Rano/Bunkure/Kibiya,1074,"area/rano/bunkure/kibiya,_kano_state","Rano/Bunkure/Kibiya, Kano State"
,,Esan North-East/Esan South- East,Esan North East/South West,Esan North East/Esan South East,Edo,Esan North-East/Esan South- East,1266,"area/esan_north-east/esan_south-_east,_edo_state","Esan North-East/Esan South- East, Edo State"
,,,,Bende,Abia,Bende,1025,"area/bende,_abia_state","Bende, Abia State"
,,KOSOFE,Kosofe Federal Constituency,Kosofe,Lagos,KOSOFE,1115,"area/kosofe,_lagos_state","Kosofe, Lagos State"
,,Oyi/Ayamelum,Ayamelum / Oyi,Oyi/Ayamelum,Anambra,Oyi/Ayamelum,1226,"area/oyi/ayamelum,_anambra_state","Oyi/Ayamelum, Anambra State"
,,Bekwarra/Obudu/Obanliku,Obanliku/OBUDU/BEKWARRA,Obanliku/Obudu/Bekwarra,Cross River,Bekwarra/Obudu/Obanliku,1265,"area/bekwarra/obudu/obanliku,_cross_river_state","Bekwarra/Obudu/Obanliku, Cross River State"
,,,,Sabon Gari,Kaduna,Sabon Gari,1269,"area/sabon_gari,_kaduna_state","Sabon Gari, Kaduna State"
,,,,Birnin-Kudu/Buji,Jigawa,Birnin-Kudu/Buji,1062,"area/birnin-kudu/buji,_jigawa_state","Birnin-Kudu/Buji, Jigawa State"
,,Ikara/Kubau,Ikara/KuKubau,Ikara/Kubau,Kaduna,Ikara/Kubau,1120,"area/ikara/kubau,_kaduna_state","Ikara/Kubau, Kaduna State"
,,Kachia/Kagarko,Kachiya/Kagarko,Kachia/Kagarko,Kaduna,Kachia/Kagarko,954,"area/kachia/kagarko,_kaduna_state","Kachia/Kagarko, Kaduna State"
,,ATAKUNMOSA EAST/WEST/ILESHA EAST/WEST,Atakumosa / East/ West & Ilesa East /West,Atakunmosa East/ Atakunmosa West/Ilesha East/Ilesha West,Osun,ATAKUNMOSA EAST/WEST/ILESHA EAST/WEST,1260,"area/atakunmosa_east/_atakunmosa_west/ilesha_east/,_osun_state","Atakunmosa East/ Atakunmosa West/Ilesha East/, Osun State"
,,ETCHE/OMUMA,Etche / Omuma,Etche/Omuma,Rivers,ETCHE/OMUMA,1032,"area/etche/omuma,_rivers_state","Etche/Omuma, Rivers State"
,,,,Bichi,Kano,Bichi,976,"area/bichi,_kano_state","Bichi, Kano State"
,,,,Kaltungo/Shongom,Gombe,KALTUNGO/SHONGOM,1218,"area/kaltungo/shongom,_gombe_state","Kaltungo/Shongom, Gombe State"
,,AKOKO SOUTH EAST/ AKOKO SOUTH WEST,Akoko South East/South Wes,Akoko South East/South West,Ondo,AKOKO SOUTH EAST/ AKOKO SOUTH WEST,1244,"area/akoko_south_east/south_west,_ondo_state","Akoko South East/South West, Ondo State"
,,Ikot Abasi/MKPAT ENIN/EASTERN OBOLO,Ikot Abasi,Ikot Abasi/Mkpat Enin/Eastern Obolo,Akwa Ibom,Ikot Abasi/MKPAT ENIN/EASTERN OBOLO,1174,"area/ikot_abasi/mkpat_enin/eastern_obolo,_akwa_ibom_state","Ikot Abasi/Mkpat Enin/Eastern Obolo, Akwa Ibom State"
,,,,Ibadan North,Oyo,Ibadan North,1169,"area/ibadan_north,_oyo_state","Ibadan North, Oyo State"
,,,,Dutse/Kiyawa,Jigawa,DUTSE/KIYAWA,1094,"area/dutse/kiyawa,_jigawa_state","Dutse/Kiyawa, Jigawa State"
,,Idah/Igalamela-Odolu/Ibaji/Ofu,IDAH/IGALAMELA/IBAJI/OFU,Idah/Igalamela Odolu/Ibaji/ Ofu,Kogi,Idah/Igalamela-Odolu/Ibaji/Ofu,952,"area/idah/ibaji/igalamela/ofu,_kogi_state","Idah/Ibaji/Igalamela/Ofu, Kogi State"
,,BARKIN LADI/RIYOM,Barakin-Ladi/Riyom,Barkin Ladi/Riyom,Plateau,BARKIN LADI/RIYOM,1081,"area/barkin_ladi/riyom,_plateau_state","Barkin Ladi/Riyom, Plateau State"
,,,,Badagry,Lagos,Badagry,1054,"area/badagry,_lagos_state","Badagry, Lagos State"
,,Minjibir/Ungogo,Ungogo/Minjibir,Minjibir/Ungogo,Kano,Minjibir/Ungogo,1202,"area/minjibir/ungogo,_kano_state","Minjibir/Ungogo, Kano State"
,,ILELLA/GWADABAWA,ILLELA/GWADABAWA,Illela/Gwadabawa,Sokoto,ILELLA/GWADABAWA,1136,"area/gwadabawa_/_illela,_sokoto_state","Gwadabawa / Illela, Sokoto State"
,,EGBADO-SOUTH/IPOKIA,Egbado South/Ipokia,Egbado South/Ipokia,Ogun,EGBADO-SOUTH/IPOKIA,1170,"area/egbado_south_and_ipokia,_ogun_state","Egbado South and Ipokia, Ogun State"
,,,,Alkaleri/Kirfi,Bauchi,ALKALERI/KIRFI,995,"area/alkaleri/kirfi,_bauchi_state","Alkaleri/Kirfi, Bauchi State"
,,,,Matazu/Musawa,Katsina,MUSAWA/MATAZU,1241,"area/musawa/matazu,_katsina_state","Musawa/Matazu, Katsina State"
,,,,Ajeromi/Ifelodun,Lagos,AJEROMI/IFELODUN,1092,"area/ajeromi-ifelodun,_lagos_state","Ajeromi-Ifelodun, Lagos State"
,,IJEBU-EAST/IJEBU-NORTH/OGUN-WATERSIDE,Ogun Waterside/Ijebu North /East,Ijebu North/Ijebu East/Ogun Waterside,Ogun,IJEBU-EAST/IJEBU-NORTH/OGUN-WATERSIDE,1144,"area/ijebu_north/ijebu_east/ogun_waterside,_ogun_state","Ijebu North/Ijebu East/Ogun Waterside, Ogun State"
,,IFE CENTRAL/ IFE EAST/ IFE NORTH/ IFE SOUTH,Ife Federal Constituency,Ife Central/Ife North/Ife South/Ife East ,Osun,IFE CENTRAL/ IFE EAST/ IFE NORTH/ IFE SOUTH,981,"area/ife_central/east/north/south,_osun_state","Ife Central/East/North/South, Osun State"
,,Misau/Damban,Misau/ Dambam,Misau/Dambam,Bauchi,Misau/Damban,1150,"area/misau/dambam,_bauchi_state","Misau/Dambam, Bauchi State"
,,Isuikwato/Umunneochi,Isuikwua/Umunneochi,Isuikwuato/Umunneochi,Abia,Isuikwato/Umunneochi,1023,"area/isuikwato/umunneochi,_abia_state","Isuikwato/Umunneochi, Abia State"
,,Maiduguri (Metropolitan),Maiduguri,Maiduguri (Metropolitan),Borno,Maiduguri (Metropolitan),963,"area/maiduguri_(metropolitan),_borno_state","Maiduguri (Metropolitan), Borno State"
,,Ukanafun/Oruk anam,Ukanafun/Orukaanam,Ukanafun/Oruk Anam,Akwa Ibom,Ukanafun/Oruk anam,1249,"area/ukanafun/orukanam,_akwa_ibom_state","Ukanafun/Orukanam, Akwa Ibom State"
,,KAURA-NAMODA/BIRNIN MAGAJI,KAURA - NAMODA/BIRNIN MAGAJI,Kaura-Namoda/Birnin Magaji,Zamfara,KAURA-NAMODA/BIRNIN MAGAJI,1237,"area/kaura_namoda/birnin_magaji,_zamfara_state","Kaura Namoda/Birnin Magaji, Zamfara State"
,,,,Ikorodu,Lagos,Ikorodu,1142,"area/ikorodu,_lagos_state","Ikorodu, Lagos State"
,,,,Jere,Borno,Jere,933,"area/jere,_borno_state","Jere, Borno State"
,,,,Kwande/Ushongo,Benue,Kwande/Ushongo,1214,"area/kwande/ushongo,_benue_state","Kwande/Ushongo, Benue State"
,,IBARAPA CENTRAL/IBARAPA NORTH,Ibarapa Central/North,Ibarapa Central/Ibarapa North,Oyo,IBARAPA CENTRAL/IBARAPA NORTH,1007,"area/ibarapa_central/ibarapa_north,_oyo_state","Ibarapa Central/Ibarapa North, Oyo State"
,,DANGE SHUNI/BODINGA/TURETA,Dange-Shuni/Bodinga/Tureta,Dange-Shuni/Bodinga/Tureta,Sokoto,DANGE SHUNI/BODINGA/TURETA,1179,"area/bodinga/dange-shuni/tureta,_sokoto_state","Bodinga/Dange-Shuni/Tureta, Sokoto State"
,,,,Kware/Wamakko,Sokoto,KWARE/WAMMAKO,1134,"area/kware/wamakko,_sokoto_state","Kware/Wamakko, Sokoto State"
,,Nwangele/Isu/Njaba/Nkwerre,NKWERRE/NWANGELE/ISU/NJABA,Isu/Njaba/Nkwerre/Nwangele,Imo,Nwangele/Isu/Njaba/Nkwerre,1232,"area/isu/njaba/nkwerre/nwangele,_imo_state","Isu/Njaba/Nkwerre/Nwangele, Imo State"
,,,,Dawakin-Tofa/Tofa/Rimin Gado,Kano,Dawakin-Tofa/Tofa/Rimin Gado,1093,"area/dawakin-tofa/tofa/rimin_gado,_kano_state","Dawakin-Tofa/Tofa/Rimin Gado, Kano State"
,,Gwer-East/Gwer-West,Gwer East/Gwer West,Gwer East/Gwer West,Benue,Gwer-East/Gwer-West,1229,"area/gwer_east/gwer_west,_benue_state","Gwer East/Gwer West, Benue State"
,,Ideato North /South,IDEATO NORTH/SOUTH,Ideato North/Ideato South,Imo,Ideato North /South,1245,"area/ideato_north_/south,_imo_state","Ideato North /South, Imo State"
,,AYEDAADE/IREWOLE/ISOKAN,Ayedaade / Irewole / Isokan,Ayedaade/Irewole/Isokan,Osun,AYEDAADE/IREWOLE/ISOKAN,1197,"area/ayedaade/irewole/isokan,_osun_state","Ayedaade/Irewole/Isokan, Osun State"
,,Esan Central/West/Igueben,Esan Central,Esan Central/Esan South/ Igueben,Edo,Esan Central/West/Igueben,1048,"area/esan_central/west/igueben,_edo_state","Esan Central/West/Igueben, Edo State"
,,Dikwa/Mafa/Konduga,Mafa/Dikwa/Konduga,Dikwa/Mafa/Konduga,Borno,Dikwa/Mafa/Konduga,980,"area/dikwa/mafaf/konduga,_borno_state","Dikwa/Mafaf/Konduga, Borno State"
,,,,Toro,Bauchi,Toro,974,"area/toro,_bauchi_state","Toro, Bauchi State"
,,BOGORO/ DASS/ TAFAWA BALEWA,Bogoro/Dass/Tafawa-B,Bogoro/Dass/Tafawa Balewa,Bauchi,BOGORO/ DASS/ TAFAWA BALEWA,1117,"area/bogoro/dass/tafawa_balewa,_bauchi_state","Bogoro/Dass/Tafawa Balewa, Bauchi State"
,,,,Soba,Kaduna,Soba,934,"area/soba,_kaduna_state","Soba, Kaduna State"
,,Obingwa/Osisioma/Ugwunagbo,Obingwa/osisioma/Ugwumagbo,Obingwa/Ugwunagbo/Osisioma,Abia,Obingwa/Osisioma/Ugwunagbo,1258,"area/obingwa/osisioma/ugbunagbo,_abia_state","Obingwa/Osisioma/Ugbunagbo, Abia State"
,,Orlu/Oru East/Orsu,ORLU/ORSU/ORUE AST,Orue East/Orsu/Orlu,Imo,Orlu/Oru East/Orsu,956,"area/orlu/oru_east/orsu,_imo_state","Orlu/Oru East/Orsu, Imo State"
,,Etsako East/West/Central,Etsako,Etsako East/Etsako West/ Etsako Central ,Edo,Etsako East/West/Central,1148,"area/etsako_east/west/central,_edo_state","Etsako East/West/Central, Edo State"
,,Jama'are/itas-gadau,JAMAARE/ITAS-GADAU,Jama'are/Itas-Gadau,Bauchi,Jama'are/itas-gadau,944,"area/jama’are/itas-gadau,_bauchi_state","Jama’are/Itas-Gadau, Bauchi State"
,,WUSHISHI/MASHEGU/KONTAGORA/MARIGA,Kontagora/Wushishi/Mariga/Mashegu,Kontagora/Wushishi/Mariga/Mashegu,Niger,WUSHISHI/MASHEGU/KONTAGORA/MARIGA,1132,"area/kontagora/wushishi/mariga/masheg,_niger_state","Kontagora/Wushishi/Mariga/Masheg, Niger State"
,,,,Zaki,Bauchi,Zaki,991,"area/zaki,_bauchi_state","Zaki, Bauchi State"
,,,,Bokkos/Mangu,Plateau,MANGU/BOKKOS,1186,"area/mangu/bokkos,_plateau_state","Mangu/Bokkos, Plateau State"
,,,,Doguwa/Tudun Wada,Kano,Tudun-Wada/Doguwa,1176,"area/tudun-wada/doguwa,_kano_state","Tudun-Wada/Doguwa, Kano State"
,,,,Kauru,Kaduna,Kauru,1082,"area/kauru,_kaduna_state","Kauru, Kaduna State"
,,,,Gwale,Kano,Gwale,1003,"area/gwale,_kano_state","Gwale, Kano State"
,,,,Buruku,Benue,Buruku,1252,"area/buruku,_benue_state","Buruku, Benue State"
,,IDO-OSI/MOBA/ILEJEMEJE,EKITI II,Ido-Osi/Moba/Ilejeme,Ekiti,IDO-OSI/MOBA/ILEJEMEJE,1060,"area/ido/osi,_moba/ilejeme,_ekiti_state","Ido/Osi, Moba/Ilejeme, Ekiti State"
,,,,Tangaza/Gudu,Sokoto,Tangaza/Gudu,948,"area/gudu/tangaza,_sokoto_state","Gudu/Tangaza, Sokoto State"
,,AGAIE/LAPAI,Agale / Lapai,Agaie/Lapai,Niger,AGAIE/LAPAI,1129,"area/agaie/lapai,_niger_state","Agaie/Lapai, Niger State"
,,,,Ihiala,Anambra,Ihiala,1264,"area/ihiala,_anambra_state","Ihiala, Anambra State"
,,,,Eti-Osa,Lagos,Eti-Osa,925,"area/eti-osa,_lagos_state","Eti-Osa, Lagos State"
,,,,Bursari/Geidam/Yunusari,Yobe,Bursari/Geidam/Yunusari,1273,"area/bursari/geidam/yunusari,_yobe_state","Bursari/Geidam/Yunusari, Yobe State"
,,AHOADA WEST/OGBA/EGBEMA/INDONI,Ogba/Egbema/Ndoni/Ahoada West,Ahoada West/Ogba Egbema Ndoni,Rivers,AHOADA WEST/OGBA/EGBEMA/INDONI,1193,"area/ahoada_west/ogba_egbema,_rivers_state","Ahoada West/Ogba Egbema, Rivers State"
,,DEKINA/BASSA,Bassa / Dekina,Bassa/Dekina,Kogi,DEKINA/BASSA,1097,"area/dekina/bassa,_kogi_state","Dekina/Bassa, Kogi State"
,,,,Adavi/Okehi,Kogi,ADAVI/OKEHI,1139,"area/adavi/okehi,_kogi_state","Adavi/Okehi, Kogi State"
,,AYEDIRE/IWO/OLA-OLUWA,Ayedire / Iwo / Ola-Oluwa,Ayedire/Iwo/Ola-Oluwa,Osun,AYEDIRE/IWO/OLA-OLUWA,1172,"area/ayedire/iwo/ola-oluwa,_osun_state","Ayedire/Iwo/Ola-Oluwa, Osun State"
,,AGWARA/BORGU,Agwara / Borgu,Agwara/Borgu,Niger,AGWARA/BORGU,1124,"area/agwara/borgu,_niger_state","Agwara/Borgu, Niger State"
,,Mubi North/Mu South/Maiha,Mubi North / Mubi South / Maiha,Maiha/Mubi North/Mubi South,Adamawa,Mubi North/Mu South/Maiha,1149,"area/mubi_n/mu_s/maiha,_adamawa_state","Mubi N/Mu S/Maiha, Adamawa State"
,,,,Abakaliki/Izzi,Ebonyi,Abakaliki/Izzi,1091,"area/abakaliki/izzi,_ebonyi_state","Abakaliki/Izzi, Ebonyi State"
,,,,Bomadi/Patani,Delta,Bomadi/Patani,1014,"area/bomadi/patani,_delta_state","Bomadi/Patani, Delta State"
,,BAKORI/DANJA,Bakoro/Danja,Bakoro/Danja,Katsina,BAKORI/DANJA,1098,"area/bakori/danja,_katsina_state","Bakori/Danja, Katsina State"
,,,,Shira/Giade,Bauchi,Shira/Giade,1152,"area/shira/giade,_bauchi_state","Shira/Giade, Bauchi State"
,,,,Irepo/Orelope/Olorunsogo,Oyo,Irepo/Orelope/Olorunsogo,1159,"area/olurunsogo/oorelope,_oyo_state","Olurunsogo/Oorelope, Oyo State"
,,,,Bade/Jakusko,Yobe,Bade/Jakusko,924,"area/bade/jakusko,_yobe_state","Bade/Jakusko, Yobe State"
,,ISA/SABON BIRNI,Isa/S.Birni,Isa/Sabon Birni,Sokoto,ISA/SABON BIRNI,1080,"area/isa-sabon-birni,_sokoto_state","Isa-Sabon-Birni, Sokoto State"
,,,,Igboeze North/Udenu,Enugu,Igboeze North/Udenu,1101,"area/igboeze_north/udenu,_enugu_state","Igboeze North/Udenu, Enugu State"
,,,,Afikpo North/Afikpo South,Ebonyi,Afikpo North/Afikpo South,1043,"area/afikpo_north/afikpo_south,_ebonyi_state","Afikpo North/Afikpo South, Ebonyi State"
,,,,Makarfi/Kudan,Kaduna,Makarfi/Kudan,947,"area/makarfi/kudan,_kaduna_state","Makarfi/Kudan, Kaduna State"
,,BOLUWADURO/IFEDAYO/ILA,Boluwaduro / Ifedayo / Ila,Boluwaduro/Ifedayo/Ila,Osun,BOLUWADURO/IFEDAYO/ILA,961,"area/boluwaduro/ifedayo/illa,_osun_state","Boluwaduro/Ifedayo/Illa, Osun State"
,,Idemili North/South,Idemili North/Idemili South,Idemili North/Idemili South,Anambra,Idemili North/South,1224,"area/idemili_north/south,_anambra_state","Idemili North/South, Anambra State"
,,EKITI/IREPODUN/ISIN/OKE-ERO,Isin/Irepodun/Ekiti & Oke-Ero,Ekiti/Isin/Irepodun/Oke-Ero,Kwara,EKITI/IREPODUN/ISIN/OKE-ERO,1167,"area/ekiti/isin/irepodun/oke-ero,_kwara_state","Ekiti/Isin/Irepodun/Oke-ero, Kwara State"
,,,,Nangere/Potiskum,Yobe,Nangere/Potiskum,1178,"area/nangere/potiskum,_yobe_state","Nangere/Potiskum, Yobe State"
,,,,Orhionmwon/Uhunmwode,Edo,Orhionmwon/Uhunmwode,1069,"area/orhionmwon/uhunmwode,_edo_state","Orhionmwon/Uhunmwode, Edo State"
,,,,Gezawa/Gabasawa,Kano,Gezawa/Gabasawa,1011,"area/gezawa/gabasawa,_kano_state","Gezawa/Gabasawa, Kano State"
,,IREPODUN/OLORUNDA/OSOGBO/OROLU,Irepodun / Olorunda / Orolu / Osogbo,Irepodun/Olorunda/Orolu/Osogbo,Osun,IREPODUN/OLORUNDA/OSOGBO/OROLU,1119,"area/irepodun/olurunda/osogbo/orolu,_osun_state","Irepodun/Olurunda/Osogbo/Orolu, Osun State"
,,,,Bali/Gassol,Taraba,Bali/Gassol,921,"area/bali/gassol,_taraba_state","Bali/Gassol, Taraba State"
,,ALIERO/GWANDU/JEGA,Aliero,Aleiro/Gwandu/Jega,Kebbi,ALIERO/GWANDU/JEGA,1105,"area/gwandu/aliero/jega,_kebbi_state","Gwandu/Aliero/Jega, Kebbi State"
,,SHIRORO/RAFI/MUNYA,MUNYA/RAFI/SHIRORO,Shiroro/Rafi/Munya,Niger,SHIRORO/RAFI/MUNYA,1135,"area/shiroro/rafi/munya,_niger_state","Shiroro/Rafi/Munya, Niger State"
,,Ganye/Mayo Belwa/Toungo/JADA,Mayo Belwa/Jada/Ganye/Toongo,Mayo Belwa/Ganye/Jada /Toungo,Adamawa,Ganye/Mayo Belwa/Toungo/JADA,1162,"area/jada/ganye/mayo_belwa/toungo,_adamawa_state","Jada/Ganye/Mayo Belwa/Toungo, Adamawa State"
,,ADO EKITI/IREPODUN/IFELODUN,ADO EKITI/IREPODUN-IFELODUN,Ado Ekiti/Irepodun/Ifelodun,Ekiti,ADO EKITI/IREPODUN/IFELODUN,987,"area/ado_ekiti/irepodun-ifelodun,_ekiti_state","Ado Ekiti/Irepodun-Ifelodun, Ekiti State"
,,OKENE/OGORI MAGONGO,OKENE/OGORI-MAGONGO,Okene/Ogori-Magogo,Kogi,OKENE/OGORI MAGONGO,1165,"area/okene/ogori-magogo,_kogi_state","Okene/Ogori-Magogo, Kogi State"
,,ARDO-KOLA/LAU/KARIM-LAMIDO,Lau/K/Lamido/Ardo-Kola,Karim Lamido/Lau/Ardo-Kola,Taraba,ARDO-KOLA/LAU/KARIM-LAMIDO,955,"area/lau/k/lamido/ardo-kola,_taraba_state","Lau/K/Lamido/Ardo-Kola, Taraba State"
,,SHOMOLU,Somolu,Somolu,Lagos,SHOMOLU,1199,"area/somolu,_lagos_state","Somolu, Lagos State"
,,,,Ajaokuta,Kogi,Ajaokuta,1063,"area/ajaokuta,_kogi_state","Ajaokuta, Kogi State"
,,IBADAN NORTH EAST/IBADAN SOUTH EAST,Ibadan N.East / South East,Ibadan North East/Ibadan South East,Oyo,IBADAN NORTH EAST/IBADAN SOUTH EAST,1146,"area/ibadan_north-_east/south-_east,_oyo_state","Ibadan North- East/South- East, Oyo State"
,,,,Chanchaga,Niger,Chanchaga,996,"area/chanchaga,_niger_state","Chanchaga, Niger State"
,,LAGOS ISLAND I,LagosIsland I Federal Constituency,Lagos Island I,Lagos,LAGOS ISLAND I,1038,"area/lagos_island_i,_lagos_state","Lagos Island I, Lagos State"
,,Ikwo/Ezza South,IKwo / Ezza South,Ezza South/Ikwo,Ebonyi,Ikwo/Ezza South,1036,"area/ikwo/ezza_south,_ebonyi_state","Ikwo/Ezza South, Ebonyi State"
,,Isiala Ngwa North/South,Isala Ngwa North/south,Isiala Ngwa North /Isiala Ngwa South,Abia,Isiala Ngwa North/South,1225,"area/isiala_ngwa_north/south,_abia_state","Isiala Ngwa North/South, Abia State"
,,,,Otukpo/Ohimini,Benue,OTUKPO/OHIMINI,1196,"area/otukpo/ohimini,_benue_state","Otukpo/Ohimini, Benue State"
,,Kumbosto,Kumbotso,Kumbotso,Kano,Kumbosto,1006,"area/kumbosto,_kano_state","Kumbosto, Kano State"
,,SULEJA/TAFA/GURARA,Gurara/Suleja/Tafa,Gurara/Suleja/Tafa,Niger,SULEJA/TAFA/GURARA,1164,"area/gurara/suleja/tafa,_niger_state","Gurara/Suleja/Tafa, Niger State"
,,TAKUM/DONGA/USSA,Donga/Ussa/Takum/Special Area,Takum/Donga/Ussa,Taraba,TAKUM/DONGA/USSA,1175,"area/donga/ussa/takum/special_area,_taraba_state","Donga/Ussa/Takum/Special Area, Taraba State"
,,MOKWA/LAVUN/EDATI,Lavvn/Edati/Mokwa,Lavun/Mokwa/Edati,Niger,MOKWA/LAVUN/EDATI,939,"area/lavun/mokwa/edati,_niger_state","Lavun/Mokwa/Edati, Niger State"
,,,,Shanono/Bagwai,Kano,Bagwai/Shanono,1261,"area/bagwai/shanono,_kano_state","Bagwai/Shanono, Kano State"
,,,,Epe,Lagos,EPE,1029,"area/epe,_lagos_state","Epe, Lagos State"
,,Sule-Tankarkar/Gagarawa/Maigatari/Gumel,Tankarkar/Gagarawa,Gumel/Maigatari/Sule Tankarkar/Gagarawa,Jigawa,Sule-Tankarkar/Gagarawa/Maigatari/Gumel,935,"area/gumel/maigatari/sule_tankarkar/gagarawa,_jigawa_state","Gumel/Maigatari/Sule Tankarkar/Gagarawa, Jigawa State"
,,Damboa/Gwoza/Chibok,Damibo'a / Chibok/ Gwoza,Damboa/Gwoza/Chibok,Borno,Damboa/Gwoza/Chibok,1051,"area/damboa/gwoza/chibok,_borno_state","Damboa/Gwoza/Chibok, Borno State"
,,Owan West/East,Owan East / West,Owan East/Owan West,Edo,Owan West/East,1047,"area/owan_west/east,_edo_state","Owan West/East, Edo State"
,,,,Anambra East/Anambra West,Anambra,Anambra East/West,1228,"area/anambra_east/west,_anambra_state","Anambra East/West, Anambra State"
,,,,Burutu,Delta,Burutu,1254,"area/burutu,_delta_state","Burutu, Delta State"
,,Ehimembano/Ihitte Uboma/Obowo,Ehime-Mb/Ihitte/U/OBONO,Ehime Mbano/Ihite-Uboma/ Obowo,Imo,Ehimembano/Ihitte Uboma/Obowo,1231,"area/ehimembano/ihitte_uboma/obowo,_imo_state","Ehimembano/ihitte Uboma/Obowo, Imo State"
,,Aboh Mbaise/Ngor Okpala,Aboh Mbaise/Ngor Okpala Federal Consistuency,Aboh Mbaise/Ngor Okpala,Imo,Aboh Mbaise/Ngor Okpala,1234,"area/aboh_mbaise/ngor_okpala,_imo_state","Aboh Mbaise/Ngor Okpala, Imo State"
,,APAPA,Apapa Federal Constituency,Apapa,Lagos,APAPA,958,"area/apapa,_lagos_state","Apapa, Lagos State"
,,Eket/Onna/Esit/eket/ibeno,Eket/Onna/Esit Eket/Ibeno,Eket/Onna/Esit Eket/Ibeno,Akwa Ibom,Eket/Onna/Esit/eket/ibeno,1208,"area/eket/onna/esit_eket/ibeno,_akwa_ibom_state","Eket/Onna/Esit Eket/Ibeno, Akwa Ibom State"
,,Birnin-Gwari/Giwa,Giwa/Birnin-Gwari,Birnin Gwari/Giwa,Kaduna,Birnin-Gwari/Giwa,993,"area/birnin-gwari/giwa,_kaduna_state","Birnin-Gwari/Giwa, Kaduna State"
,,ILEOLUJI - OKEIGBO /ODIGBO,Ile - Oluji/Okeigbo & Odigbo,Ileoluji/Okeigbo/Odigbo,Ondo,ILEOLUJI - OKEIGBO /ODIGBO,1155,"area/ileoluji-okeibo/odigbo,_ondo_state","Ileoluji-Okeibo/Odigbo, Ondo State"
,,SHENDAM/MIKANG/QUA'AN-PAN,SHENDAMMIKANG/QUAANPAN,Mikang/Qua’an/Pan/Shedam,Plateau,SHENDAM/MIKANG/QUA'AN-PAN,942,"area/mikang/quan.pan/shendam,_plateau_state","Mikang/Quan.Pan/Shendam, Plateau State"
,,,,Arewa/Dandi,Kebbi,Arewa/Dandi,931,"area/arewa/dandi,_kebbi_state","Arewa/Dandi, Kebbi State"
,,IDANRE/IFEDORE,Idanre / Ifedore,Idanre/Ifedore,Ondo,IDANRE/IFEDORE,1000,"area/idanre/ifedore,_ondo_state","Idanre/Ifedore, Ondo State"
,,ODO-OTIN/IFELODUN/BORIPE,Osun Central II (Odo-Otin / Ifelodun / Boripe,Odo-Otin/Ifelodun/Boripe,Osun,ODO-OTIN/IFELODUN/BORIPE,1158,"area/odo-otin/ifelodun/boripe,_osun_state","Odo-Otin/Ifelodun/Boripe, Osun State"
,,MASHI/DUTSI,Mashi/Dutsi Constituency,Mashi/Dutsi,Katsina,MASHI/DUTSI,1073,"area/mashi/dvisi,_katsina_state","Mashi/Dvisi, Katsina State"
,,Owerri Municipal/Owerri North/West,OWERRI MINICIPAL/NORTH/WEST,Owerri Municipal/Owerri North/Owerri West,Imo,Owerri Municipal/Owerri North/West,1257,"area/owerri_municipal/owerri_north/west,_imo_state","Owerri Municipal/Owerri North/West, Imo State"
,,WUKARI/IBI,Ibi/Wukari,Ibi/Wukari,Taraba,WUKARI/IBI,950,"area/ibi/wukari,_taraba_state","Ibi/Wukari, Taraba State"
,,,,Sardauna/Kurmi/Gashaka,Taraba,Gashaka/Kurmi/Sardauna,938,"area/gashaka/kurmi/sardauna,_taraba_state","Gashaka/Kurmi/Sardauna, Taraba State"
,,,,Demsa/Numan/Lamurde,Adamawa,Demsa/Numan/Lamurde,1190,"area/demsa/numan/lamurde,_adamawa_state","Demsa/Numan/Lamurde, Adamawa State"
,,,,Gwaram,Jigawa,Gwaram,1121,"area/gwaram,_jigawa_state","Gwaram, Jigawa State"
,,Katsina-Ala/Ukum/Logo,Katsina-Ala Ukum Logo,Katsina-Ala/Ukum/Logo,Benue,Katsina-Ala/Ukum/Logo,1253,"area/katsina-ala/ukum/logo,_benue_state","Katsina-Ala/Ukum/Logo, Benue State"
,,EGBEDA/ONA-ARA,Egbeda/ Ona-Ara,Egbeda/ Ona-Ara,Oyo,EGBEDA/ONA-ARA,1039,"area/ona-ara/egbeda,_oyo_state","Ona-Ara/Egbeda, Oyo State"
,,,,Jahun/Miga,Jigawa,Jahun/Miga,1013,"area/jahun/miga,_jigawa_state","Jahun/Miga, Jigawa State"
,,,,Lere,Kaduna,Lere,936,"area/lere,_kaduna_state","Lere, Kaduna State"
,,IBEJU-LEKKI,IJEBU - LEKKI,Ibeju Lekki,Lagos,IBEJU-LEKKI,1130,"area/ibeju-lekki,_lagos_state","Ibeju-Lekki, Lagos State"
,,MUSHIN I,Mushin I Federal Constituency,Mushin I Federal Constituency,Lagos,MUSHIN I,1126,"area/mushin_i,_lagos_state","Mushin I, Lagos State"
,,Birniwa/Guri/Kiri-Kasamma,BIRNIWA/GURI/KIRIKASAMMA,Birniwa/Guri/Kirikasamma,Jigawa,Birniwa/Guri/Kiri-Kasamma,1151,"area/birniwa/guri/kiri-kasamma,_jigawa_state","Birniwa/Guri/Kiri-Kasamma, Jigawa State"
,,Nsukka/ Igboeze South,Nsukka/Igboeze,Nsukka/Igbo-Eze South,Enugu,Nsukka/ Igboeze South,1192,"area/nsukka/igbo-eze_south,_enugu_state","Nsukka/Igbo-Eze South, Enugu State"
,,Chikun/Kajuru,Kajuru/Chikum,Chikun/Kajuru,Kaduna,Chikun/Kajuru,1118,"area/chikum/kajuru,_kaduna_state","Chikum/Kajuru, Kaduna State"
,,EKITI SOUTH WEST/IKERE/ORUN ISE,Ekiti South West/IKERE/ISE -ORUN,Ekiti South West/Ikere/Orun/Ise,Ekiti,EKITI SOUTH WEST/IKERE/ORUN ISE,1147,"area/ekiti_south_west/ikere/ise/orun,_ekiti_state","Ekiti South West/Ikere/Ise/Orun, Ekiti State"
,,,,Ilorin West/Asa,Kwara,Ilorin West/Asa,984,"area/asa/ilorin_west,_kwara_state","Asa/Ilorin West, Kwara State"
,,KABBA-BUNU/IJUMU,KABBA-BUNU/IJIMU,Ijumu/Kabba-Bunu,Kogi,KABBA-BUNU/IJUMU,1198,"area/kabba/bunu/ijumu,_kogi_state","Kabba/Bunu/Ijumu, Kogi State"
,,,,Gummi/Bukkuyum,Zamfara,Gummi/Bukkuyum,1001,"area/gummi/bukkuyum,_zamfara_state","Gummi/Bukkuyum, Zamfara State"
,,,,Bauchi,Bauchi,Bauchi,1182,"area/bauchi,_bauchi_state","Bauchi, Bauchi State"
,,MACHINA/ NGURU/ KARASUWA/YUSUFARI,Machina/Nguru/Karasuwa/Yusufari,Machina/Nguru/Yusufari/Karasuwa,Yobe,MACHINA/ NGURU/ KARASUWA/YUSUFARI,1201,"area/machina/nguru/karasuwa/yusufari,_yobe_state","Machina/Nguru/Karasuwa/Yusufari, Yobe State"
,,Ndokwa/Ukwani,Ndokwa East/Ndokwa,Ndokwa East/Ndokwa West/Ukwuani,Delta,Ndokwa/Ukwani,1045,"area/ndokwa/ukwani,_delta_state","Ndokwa/Ukwani, Delta State"
,,ILORIN SOUTH/ EAST,Ilorin East/Ilorin South,Ilorin East/Ilorin South,Kwara,ILORIN SOUTH/ EAST,1177,"area/ilorin_east/south,_kwara_state","Ilorin East/South, Kwara State"
,,Orumba North/South,Orumba South,Orumba North/Orumba South,Anambra,Orumba North/South,1212,"area/orumba_north/south,_anambra_state","Orumba North/South, Anambra State"
